id,first_name,last_name,age
1,Zack,Tomblings,58
2,Lelah,Surgeon,44
3,Dorena,Mingasson,44
4,Boyd,Myles,63
5,Filmer,Kryszkiecicz,33
6,Stella,Clink,28
7,Merline,Culshaw,64
8,Jannelle,Robker,32
9,Courtnay,Cuttelar,61
10,Marcy,McPherson,48
11,Erhard,Cordeau,54
12,Cornie,Vernay,30
13,Hubey,Pedrocchi,41
14,Pavia,McKeon,23
15,Doralynn,Mounfield,46
16,Aldric,Turle,41
17,Justino,Coxwell,31
18,Ginger,Ubsdale,52
19,Justis,Easterby,33
20,Alejoa,Sproston,59
21,Chris,Lante,43
22,Chiquita,Duiguid,57
23,Byran,Branton,30
24,Jeth,Allibone,36
25,Christan,Josef,55
26,Ebenezer,Crank,39
27,Dorita,Davidde,27
28,Vaughn,Gaish,63
29,Annemarie,Flanigan,43
30,Terrie,Ponsford,62
31,Kerr,Switsur,51
32,Bethena,Ruberti,55
33,Skylar,Deeth,40
34,Giulio,Lazare,61
35,Cinda,Crenshaw,40
36,Gaby,Janaszewski,21
37,Marti,Ferrettino,33
38,Mariejeanne,Penning,49
39,Damiano,Atack,21
40,Matthias,Iacovo,47
41,Betsey,Danit,61
42,Allis,Crittal,36
43,Alethea,Gladwin,30
44,Tucky,Echalier,62
45,Becki,Noore,45
46,Tessa,Palle,35
47,Parsifal,Witherbed,57
48,Rozalin,Cappell,45
49,Persis,Korfmann,58
50,Osbourn,Nockalls,25
51,Verge,Jakovijevic,48
52,Binnie,Rennocks,50
53,Edsel,Blessed,29
54,Vic,Porteous,48
55,Anderea,Braysher,30
56,Shermie,Bayles,60
57,Lanni,Melloy,33
58,Raquel,Gymblett,43
59,William,Kennerley,46
60,Kippie,Weed,47
61,Leonore,Cureton,29
62,Donavon,Bartoshevich,53
63,Ferris,Gurys,45
64,Fletcher,Kinze,60
65,Candice,Croker,61
66,Vale,Galbraeth,36
67,Margaretha,Rees,55
68,Matias,Ripping,21
69,Murry,Bernaldo,25
70,Dale,Josupeit,62
71,Lyndsie,Swannick,65
72,Rawley,Kemet,54
73,Kellen,Clohisey,39
74,Farra,Ivins,24
75,Leoline,Bruinemann,51
76,Claybourne,Dunniom,22
77,Quillan,Sutter,21
78,Mufi,Darke,29
79,Germana,Waite,50
80,Mehetabel,Maslen,34
81,Kary,Redholes,30
82,Isiahi,Holttom,49
83,Elenore,Vaune,23
84,Hollis,Edney,28
85,Odilia,Gerriets,62
86,Helen-elizabeth,Upchurch,34
87,Zackariah,Dyche,63
88,Pierson,Tilley,20
89,Andrei,Ballendine,35
90,Erina,Trevithick,53
91,Pia,Hawkyens,48
92,Megan,Jorczyk,51
93,Chlo,O' Byrne,28
94,See,Kagan,20
95,Boot,Gareisr,27
96,Tonnie,Dyke,62
97,Suzann,Blazewicz,34
98,Albie,Edinburgh,64
99,Clio,Vautier,65
100,Gunner,Schall,51
101,Ainsley,Pepye,21
102,Tammie,Lamartine,24
103,Ferrel,Flett,57
104,Filbert,Maughan,53
105,Halsy,Pretswell,32
106,Bessie,Bert,57
107,Tammi,Oglethorpe,44
108,Clive,Cotton,26
109,Foster,Osmon,57
110,Pooh,Spencelayh,22
111,Rhetta,Block,60
112,Marylou,Hourican,33
113,Bertrand,Littrik,37
114,Kelsey,Bushell,64
115,Eugenie,Whitwell,51
116,Demetri,Lamberth,58
117,Cheryl,Maffetti,21
118,Gene,Gatcliff,31
119,Paulina,Meatyard,29
120,Em,Wilkenson,32
121,Kerby,Desporte,29
122,Peria,Girdwood,40
123,Dall,Bellany,34
124,Danell,Bardsley,23
125,Sullivan,Rulten,30
126,Pete,Shasnan,25
127,Chrysler,Taffie,23
128,Prue,Donneely,30
129,Annalise,Fulks,55
130,Ralph,Theodore,24
131,Bamby,Wemyss,24
132,Brant,Drinan,58
133,Bradly,Haney`,24
134,Josefa,McEnhill,35
135,Dorree,Ruzic,42
136,Leodora,MacLaig,54
137,Luz,Horsfield,26
138,Latia,Knappe,51
139,Jake,Byrom,26
140,Janeen,Hulke,61
141,Daffy,Cusack,38
142,Ilsa,Moynham,55
143,Alethea,Goodridge,24
144,Sabrina,Lundie,23
145,Cecile,Iddiens,37
146,Minnie,Chesshyre,58
147,Archibald,MacCahee,58
148,Marlene,Summerside,48
149,Nerita,O'Currine,56
150,Chaim,Tidswell,27
151,Enid,Crayker,30
152,Verne,Basford,21
153,Eldredge,Bunney,50
154,Claudie,Haggeth,61
155,Andros,Luscott,60
156,Briney,Bridgeman,34
157,Banky,Kix,62
158,Alikee,Boraston,37
159,Juline,Yonge,56
160,Jordon,Floyed,46
161,Xylina,Blodgett,23
162,Nathanil,Challin,46
163,Monah,Emby,51
164,Noni,Maxted,30
165,Judah,Brayson,56
166,Luther,Juggings,61
167,Anny,Tolwood,40
168,Abbey,Canellas,27
169,Tome,Nials,50
170,Wenonah,Tizzard,29
171,Dian,Febre,35
172,Ruttger,Polson,59
173,Dulci,Dimitresco,25
174,Donn,Kohrsen,34
175,Branden,Eliet,61
176,Mickey,Pallaske,35
177,Mariele,Selvester,60
178,Giffy,Sunner,34
179,Eward,Waberer,64
180,Vin,Everist,31
181,Horatius,Kreutzer,64
182,Leon,Caffin,24
183,Jade,Braidman,63
184,Britteny,Stodart,37
185,Flemming,Skitterel,31
186,Nobie,Pavey,35
187,Timi,Wilstead,33
188,Leonore,Godsafe,37
189,Roseanne,Elles,44
190,Samuele,Turle,28
191,Carey,Buckie,47
192,Darda,Fosdyke,61
193,Mychal,Butterick,30
194,Katy,Jobbings,46
195,Norma,Loncaster,40
196,Kippy,Ivachyov,61
197,Conny,Kaley,50
198,Klemens,Daens,42
199,Lynsey,Cleevely,47
200,Wilone,Meriot,54
201,Bette-ann,Farrans,51
202,Kimmie,Enston,49
203,Cleopatra,Melledy,57
204,Godfree,Borman,48
205,Orel,Hand,35
206,Eran,Quinnelly,21
207,Giffard,Suggey,20
208,Elwira,Errichi,60
209,Melony,Tyas,56
210,Bliss,Mitchenson,38
211,Shirl,Romera,21
212,Alfie,Harmon,37
213,Carlos,Pautard,38
214,Deb,Badini,54
215,Amos,Pinxton,55
216,Marchelle,Bannon,51
217,Dionne,Izen,26
218,Toni,Creddon,64
219,Michele,Hillborne,54
220,Mercy,Dunkinson,58
221,Kenny,Keyho,34
222,Valentijn,Blackster,43
223,Brandais,Minchindon,22
224,Bethena,Bottlestone,44
225,Kathie,Bunford,34
226,Boothe,Rogez,60
227,Meriel,Lufkin,43
228,Rodrick,Isgar,49
229,Lanette,Sellner,48
230,Bria,Skellon,52
231,Nobe,Teck,22
232,Hymie,Howgate,51
233,Tandie,Eaklee,64
234,Dorette,Prahm,31
235,Pavlov,Slym,46
236,Gretna,Towner,27
237,Ave,Eggle,25
238,Salli,Bowe,54
239,Yvonne,Yosifov,53
240,Pen,MacCleod,58
241,Sheila-kathryn,Bum,65
242,Gamaliel,Sorrie,54
243,Miles,Kingsly,51
244,Silvana,Seamark,43
245,Morly,Gibbon,45
246,Raphaela,Swainston,24
247,Isaiah,Sprague,49
248,Cornelle,Garms,43
249,Silvie,Luke,61
250,Tamma,Virgo,48
251,Rebekah,Mitchenson,33
252,Karim,Badland,46
253,Evelyn,Hunton,47
254,Annis,Stephenson,37
255,Consolata,Seivertsen,47
256,Sammy,Thornewill,31
257,Tamma,Ellingham,59
258,Bryant,Losty,29
259,Abraham,McQuarter,47
260,Carlee,Edscer,56
261,Ardeen,Ewings,34
262,Avictor,Timeby,23
263,Betteanne,Olphert,63
264,Lenora,Chaldecott,33
265,Stacy,Beaver,36
266,Sabra,Fielding,23
267,Letizia,Delepine,34
268,Charmain,Stormonth,49
269,Allayne,McKeachie,28
270,Aridatha,Rapport,63
271,Reggis,Pach,50
272,Britney,Rachuig,58
273,Egor,Markham,30
274,Erminia,Braddon,47
275,Carroll,Puddin,38
276,Leela,Abrahamsson,35
277,Nevin,Feldmark,27
278,Aron,Colliver,38
279,Alonso,Van Arsdale,60
280,Teresita,Cossey,46
281,Jasen,Errey,38
282,Danya,Spier,46
283,Norbie,Bloy,33
284,Rheba,Anglim,37
285,Nana,Stephens,39
286,Aveline,Babst,63
287,Claudius,Stickens,21
288,Marlena,Stansby,35
289,Cherie,Gatherer,46
290,Cammi,Dutchburn,32
291,Marley,De Blasi,43
292,Christiana,Pitney,52
293,Liva,Beddall,62
294,Bondie,Lampbrecht,61
295,Madeline,Sinclaire,38
296,Howey,Blakeway,38
297,Rance,Luigi,49
298,Brandtr,Prior,35
299,Tully,Cowup,38
300,Sutton,Oman,47
301,Murray,O'Bradden,55
302,Jarred,Brenstuhl,50
303,Pren,Gwinn,62
304,Kristy,Reditt,38
305,Israel,Ibbotson,39
306,Amelie,Brunsdon,34
307,Allan,Exon,44
308,Norbert,Strelitzki,54
309,Sammie,Wattinham,43
310,Ainslee,Havard,37
311,Ange,Purcell,23
312,Romola,Lepard,42
313,Clay,Beranek,65
314,Elga,Tammadge,30
315,Hana,Gaspard,62
316,Sharron,Ollie,22
317,Aarika,Henzer,42
318,Harrietta,Biggs,58
319,Dorian,Sherwyn,48
320,Randa,Aucoate,36
321,Weidar,Mattusov,51
322,Brig,Kleint,48
323,Ted,Virgoe,23
324,Claudine,Kirmond,25
325,Florida,Dehm,60
326,Carolin,Haddeston,44
327,Morley,Titcom,53
328,Rania,Gonzalvo,46
329,Sandra,Wain,38
330,Cy,Haddleston,42
331,Radcliffe,Geaves,49
332,Callie,Renoden,51
333,Thaine,Kenefick,47
334,Rebekkah,Hollibone,29
335,Yolane,De Carteret,35
336,Jordain,Gumery,52
337,Aundrea,Winchcum,28
338,Sissy,Blower,32
339,Loren,Milliere,64
340,Roanna,Offin,38
341,Abbey,Dibdall,44
342,Kirsti,Bains,41
343,Murielle,Yukhnini,44
344,Kerk,Essame,61
345,Ronnie,Hoyles,45
346,Connie,Hansbury,32
347,Lolly,Stopford,63
348,Stanfield,Brands,42
349,Joli,Puleque,59
350,Erda,Thominga,57
351,Sly,Pringuer,56
352,Jilly,Twells,33
353,Gwenora,Spurgin,26
354,Ev,Wincott,35
355,Nola,Windress,43
356,Lida,Charter,29
357,Gannie,Cottie,38
358,Sonni,Espin,30
359,Ertha,Fontel,40
360,Maggie,Smallman,44
361,Bonni,Farnon,38
362,Francois,Lilford,27
363,Kit,Pascow,64
364,Mirella,Bisiker,37
365,Gwyneth,Lucas,49
366,Candide,Sergent,51
367,Arte,Wardale,25
368,Agatha,Sandells,38
369,Darwin,Carvill,22
370,Melly,Pascow,37
371,Madalena,Hacquoil,65
372,Corbet,Goter,29
373,Myrtia,Dowker,51
374,Heindrick,Feuell,31
375,Lucinda,Garroway,38
376,Jordain,O'Hogertie,49
377,Kesley,Beetles,54
378,Charles,Jindrich,26
379,Celestyn,Hof,23
380,Jonie,Crauford,35
381,Isidro,Fermer,35
382,Steffi,Martinolli,58
383,Maggee,Ord,30
384,Cyril,Coronado,48
385,Leanna,Bendell,39
386,Colas,Satyford,64
387,Millie,Josowitz,61
388,Lizzie,Philipet,40
389,Quinta,Drews,52
390,Dulcy,Adamczyk,58
391,Kerwin,Buntin,52
392,Raven,Debill,31
393,Dennie,Quig,44
394,Darya,Bellon,33
395,Betsy,Ruckert,36
396,Si,Dovey,29
397,Allx,Eymor,22
398,Spencer,Joseph,23
399,Aubrey,Pierse,54
400,Wendell,Jauncey,34
401,Kelsy,Penquet,44
402,Sybille,Peake,47
403,Dolf,Ades,20
404,Pail,Longega,33
405,Eartha,Pipkin,23
406,Felecia,Corpe,64
407,Lynnette,Tillman,39
408,Natassia,MacEntee,26
409,Sawyer,Sailes,58
410,Fernande,Raigatt,32
411,Agretha,Smeed,60
412,Lars,Scoffins,62
413,Juliet,Dunbar,38
414,Alexandr,Gypps,62
415,Lion,Killgus,50
416,Isak,Targett,39
417,Wilie,Linggood,45
418,Layla,Auger,44
419,Merilyn,Loughton,59
420,Ivan,Saffle,55
421,Kain,Fortun,35
422,Susette,Rossbrooke,50
423,Maddalena,O'Hagirtie,53
424,Dorie,Cadlock,35
425,Seymour,Tosspell,33
426,Vittorio,Arnot,53
427,Carmita,Finkle,36
428,Kerrill,Zywicki,22
429,Laney,Klimkovich,39
430,Sascha,Smowton,48
431,Terrijo,Gabbidon,45
432,Jacklyn,Arndell,55
433,Dew,Cadagan,42
434,Lombard,Breem,60
435,Cad,Cogley,20
436,Silvano,Lonnon,65
437,Aigneis,Campany,48
438,Debor,Bardey,25
439,Kelbee,Bulgen,33
440,Elka,Coneron,31
441,Correy,Ogilby,65
442,Onida,Matteo,38
443,Red,Marques,26
444,Marieann,Dayton,52
445,Averell,Thonger,64
446,Cherey,Spacy,51
447,Letisha,Kilcullen,33
448,Jock,Renn,36
449,Kimberlyn,Greve,33
450,Alasteir,Robbeke,43
451,Almeria,Harme,48
452,Georgianna,Philipps,63
453,Lexi,Tattersdill,32
454,Genni,Pleat,48
455,Claire,Headings,34
456,Petronilla,Siley,36
457,Pierette,Romero,64
458,Lethia,Paeckmeyer,43
459,Giacinta,Marzelo,36
460,Lynn,Bims,31
461,Linet,Ginner,57
462,Virgilio,Vedekhin,64
463,Kalila,Barczynski,56
464,Gerri,Tattersdill,47
465,Felisha,Blethin,28
466,Bren,Mendonca,31
467,Heall,Coulsen,45
468,Sanson,Stonman,46
469,Davin,Froschauer,23
470,Wang,Kurth,26
471,Alberto,Callicott,33
472,Morton,Schechter,53
473,Ekaterina,Allam,61
474,Bastien,Cameron,53
475,Beret,Pack,30
476,Harcourt,Dougan,28
477,Bard,Kobpac,64
478,Reagen,Aland,56
479,Heath,Windaybank,49
480,Bambi,Manhood,62
481,Janeva,Jakubovics,28
482,Amil,Scoles,39
483,Joycelin,Rudloff,60
484,Frederigo,Fenlon,57
485,Trip,Chard,27
486,Nancey,Abbey,39
487,Basile,Wrate,39
488,Wood,Christophers,63
489,Any,Jeckell,25
490,Nora,Gowry,51
491,Nicolais,Nesby,24
492,Hirsch,Knowles,51
493,Virginia,Javes,30
494,Jarred,Claricoats,30
495,Jaine,MacMenemy,33
496,Adelle,Ovill,24
497,Kacy,Derdes,63
498,Yalonda,Lanney,26
499,Reena,Jansson,52
500,Eartha,Threadkell,38
501,Rana,Simper,59
502,Carmine,Basketter,50
503,Rivkah,Moxom,36
504,Valentin,Olivet,29
505,Augustin,Grouse,20
506,Haily,Kilmurray,22
507,Rouvin,Yakubov,65
508,Kaine,Wansbury,27
509,Nickey,Alejo,47
510,Catherina,Warby,37
511,Durand,Lawlan,60
512,Ezequiel,Sparks,26
513,Jerri,Arkil,35
514,Jeno,Attree,51
515,Andros,Searjeant,24
516,Zebedee,Riccelli,42
517,Helen,Pattington,21
518,Burnard,Bernardy,25
519,Estel,Millan,49
520,Marys,Larmett,21
521,Zoe,Truscott,31
522,Brandie,Bowell,26
523,Zak,Beller,31
524,Concordia,Tindall,46
525,Obed,Trevain,28
526,Joelly,Kingdon,20
527,Danella,Derx,49
528,Lilyan,Andrick,45
529,Moore,Ottosen,59
530,Scarface,Angrave,24
531,Berget,Roselli,53
532,Fonz,Saunder,46
533,Dennie,Torrisi,37
534,Trish,Sadry,38
535,Olwen,Burgh,49
536,Towny,Tilio,56
537,Gawen,Huckleby,32
538,Rainer,Petrelli,59
539,Ilsa,Tesoe,44
540,Rhona,Champerlen,33
541,Brett,Sealove,49
542,Harriet,Shiels,52
543,Ardelis,Brouwer,21
544,Maddie,Ledrane,24
545,Sutherland,Andrews,51
546,Cleavland,Rivett,52
547,Eddy,Boydle,39
548,Carey,Cufflin,33
549,Ivonne,Tethcote,23
550,Allix,Craxford,40
551,Bobbie,Skaife,34
552,Lela,Powling,62
553,Koressa,Freeborn,22
554,Bianca,Billie,33
555,Gunther,Garrand,35
556,Elsinore,Tonnesen,42
557,Towney,Bessell,28
558,Merci,Prestland,36
559,Dalenna,Jeayes,59
560,Mirella,Waliszewski,28
561,Mose,Paish,40
562,Jorgan,Van Cassel,60
563,Ned,Warboys,59
564,Arel,Lowthorpe,30
565,Ranice,Pygott,41
566,Jami,Haldenby,62
567,Dorella,Donhardt,45
568,Sherwood,Grummitt,25
569,Waylon,Desaur,57
570,Hoyt,Pettifor,36
571,Fleurette,Dungay,61
572,Nobie,MacGilrewy,22
573,Nessie,Mullany,28
574,Antonetta,Toman,64
575,Neale,Langrick,63
576,Kim,Le feaver,24
577,Vanda,Detoile,33
578,Nicky,Mingardo,59
579,Tilly,Frarey,45
580,Roddy,Elgram,41
581,Florance,Garvill,63
582,D'arcy,Kisby,48
583,Emanuel,Baguley,63
584,Irv,Presland,44
585,Cammie,A'field,26
586,Chico,Lickess,34
587,Rozelle,Siviter,28
588,Dannie,Nehlsen,44
589,Wald,Linggood,62
590,Ceil,Sutlieff,35
591,Sammy,Vaszoly,44
592,Ravi,Assiratti,28
593,Theodor,Burgis,26
594,Jandy,Folkard,55
595,Katy,Gounin,53
596,Constantine,Fance,59
597,Filide,Peacocke,44
598,Mohandis,Wiskar,55
599,Cyrill,Boor,53
600,Eric,Doniso,26
601,Lusa,Ferryman,43
602,Lilah,Govenlock,29
603,Sandi,Treppas,40
604,Yuma,Twitching,41
605,Miranda,Coaker,61
606,Andrey,Kauffman,53
607,Durward,Relton,50
608,Robinetta,Pinkstone,32
609,Floria,Lawty,27
610,Kellyann,Staterfield,57
611,Pattie,Winks,61
612,Torrie,Peare,53
613,Davis,Longmuir,56
614,Paco,Giotto,32
615,Gabriel,Gaveltone,42
616,Ines,Lambdon,37
617,Maura,MacGaughy,46
618,Roxine,Dunkirk,60
619,Katha,Husbands,34
620,Heidi,Shevlan,32
621,Whittaker,Eccleshall,58
622,Cordelie,Careswell,41
623,Ephraim,Klauber,39
624,Lisa,Skewis,39
625,Grier,Patifield,24
626,Cindi,Keele,46
627,Viviana,Smethurst,57
628,Prudi,Sutlieff,25
629,Chic,Pourvoieur,52
630,Nerta,Wilbraham,32
631,Serena,Sawl,45
632,Ardelis,Paute,49
633,Lola,Gillopp,23
634,Andi,Sey,53
635,Alexandr,Deeks,55
636,Archambault,Pettyfer,41
637,Dex,Joyes,35
638,Lionel,Gales,59
639,Coleen,Buckerfield,62
640,Myles,Loxston,36
641,Calley,Donlon,25
642,Corri,Mattys,47
643,Nolie,McDonald,41
644,Damiano,Nevill,59
645,Kathe,Kluss,47
646,Hatty,Burree,60
647,Celestina,Norgan,24
648,Wanda,McManamen,65
649,Baillie,Breckon,31
650,Gracia,Ingon,44
651,Diann,Sliney,37
652,Matilda,Chatterton,20
653,Maren,Suthren,34
654,Alvie,Kinsell,64
655,Romona,Sclanders,57
656,Reade,Foulis,51
657,Thorin,Kaasman,21
658,Orrin,Hissie,61
659,Trace,Claypoole,51
660,Barrie,Minguet,40
661,Chelsey,Cuniam,47
662,Betsey,Caddies,47
663,Jerad,Mathen,55
664,Jaine,Butterfill,28
665,Maurise,Shakesby,37
666,Alfy,Wisher,26
667,Antonin,McPolin,45
668,Malvin,Dinsey,39
669,Wynn,Lahy,44
670,Renado,Hawkey,53
671,Pincas,Ead,58
672,Libbi,Stoite,31
673,Ike,Franzman,23
674,D'arcy,Lyddon,42
675,Faulkner,Radbourne,40
676,Taryn,Condie,51
677,Pearla,Zannini,22
678,Dermot,Burkinshaw,29
679,Woodrow,McLeish,45
680,Laurens,Peet,25
681,Nicolas,Gligoraci,56
682,Fraze,Chasteau,64
683,Marius,Amner,30
684,Meier,Bewshaw,51
685,Larry,Kersley,49
686,Leonardo,Urien,21
687,Coletta,Inwood,36
688,Shir,Sirman,32
689,Pedro,Boullin,43
690,Garald,Ducarne,50
691,Margeaux,Couchman,31
692,Cristin,Load,63
693,Janine,Scotchford,52
694,Amanda,Ruddoch,20
695,Roger,Gasparro,20
696,Paulina,Rawet,25
697,Netti,Ginnane,44
698,Garry,Sawdy,34
699,Cati,Millsap,39
700,Ashlan,Hanhart,20
701,Grata,Coggan,32
702,Del,Bache,50
703,Germaine,Reignould,53
704,Christos,Breem,37
705,Claire,Keigher,59
706,Eben,Routley,58
707,Nestor,Bagshawe,59
708,Dawna,Glasscott,32
709,Berni,Sustins,27
710,Filberte,Gillicuddy,43
711,Laurent,Pfeffel,40
712,Alfons,Burns,23
713,Horatius,Isaak,41
714,Tad,Vogelein,30
715,Delilah,Carrier,35
716,Isaak,Misson,57
717,Ezekiel,Conquer,23
718,Donnamarie,Edginton,31
719,Louie,Romanelli,38
720,Anna-diane,McPartling,37
721,Shawn,Cosyns,23
722,Delly,Batham,41
723,Merwyn,Batchelder,26
724,Farlee,Kubacki,58
725,Ardra,Carayol,59
726,Barnabas,Abramowsky,56
727,Arnuad,Stennet,29
728,Marcelline,Fennessy,31
729,Consolata,Benedick,56
730,April,Godspede,20
731,Rik,Timcke,57
732,Pauletta,Salmen,34
733,Mic,Shilvock,52
734,Bertha,Dalwood,62
735,Hoyt,Trimme,26
736,Othelia,Robardet,26
737,Carly,Berard,47
738,Richmond,Goldhawk,46
739,Mace,Guilfoyle,24
740,Petronia,Elgie,24
741,Guglielma,Hallwell,42
742,Bent,Gough,56
743,Gwynne,Stefi,53
744,Tammie,Garlicke,20
745,Dehlia,Dingsdale,43
746,Bettine,Tildesley,50
747,Glenda,Dossetter,45
748,Bradly,Holyland,47
749,Kellby,Gon,51
750,Dennison,Elsbury,22
751,Rica,McLleese,28
752,Currey,Labeuil,20
753,Grete,Cakes,59
754,Gasparo,Drewe,63
755,Roma,Vorley,58
756,Laural,Greenaway,60
757,Terrie,Powe,51
758,Mair,Drife,59
759,Sela,Gahan,39
760,Emerson,Divina,24
761,Kora,Darte,44
762,Jonah,Creus,35
763,Carry,Costar,35
764,Gwenore,Scrooby,36
765,Arman,Medling,27
766,Constantia,Grabban,22
767,Tessie,Test,36
768,Merilee,Humpage,29
769,Reuven,Howchin,43
770,Daniella,Stirrup,52
771,Calla,Northedge,21
772,Garey,Drysdall,31
773,Stevy,Cowpe,54
774,Wynn,Murray,24
775,Russ,Wardroper,60
776,Job,Brugemann,63
777,Nara,Munnings,63
778,Noell,Bowdery,27
779,Dimitry,Burchell,38
780,Cornelle,Jakeman,25
781,Florida,Dregan,63
782,Annadiane,Bantick,39
783,Nelli,Scrivener,56
784,Melvyn,Strewthers,59
785,Cecilius,Dunmore,61
786,Lyn,Snoxall,29
787,Pooh,Amberger,51
788,Caren,Cavill,32
789,Brana,Paulo,65
790,Boniface,Firsby,50
791,Hector,Fentem,42
792,Levi,Marks,43
793,Currie,Caustick,45
794,Milton,Ruggles,42
795,Pippo,Spoors,22
796,Cam,Fincham,46
797,Hanan,Wardel,50
798,Bekki,Durbann,41
799,Donn,Skylett,25
800,Clementia,Gaddas,65
801,Kaylyn,Dominec,36
802,Pauletta,Markwick,32
803,Kalle,Netley,63
804,Clemmy,Bader,44
805,Vince,Skipsea,30
806,Korney,Paulucci,53
807,Marty,Sweating,45
808,Frasco,Kike,51
809,Erminie,Scarasbrick,50
810,Lewes,McGovern,65
811,Heidi,Brane,33
812,Lenore,Whiteley,49
813,Jeddy,Witcherley,46
814,Hermann,Tarquinio,63
815,Brandais,Oles,36
816,Nadiya,Rieger,40
817,Erin,Blasl,59
818,Dugald,Acomb,56
819,Petra,Walstow,44
820,Kinna,Potebury,28
821,Sarette,Clutton,51
822,Emma,Campbell,48
823,Helenelizabeth,Willbraham,37
824,Fanni,Goodyer,60
825,Jerrome,Boshers,63
826,Geraldine,Lodewick,32
827,Norrie,Hallum,36
828,Candide,Wonham,29
829,Roddie,Tytherton,40
830,Ceciley,Symers,46
831,Coletta,Shreve,61
832,Putnam,Hutcheon,57
833,Chere,Olley,30
834,Keri,Schubbert,23
835,Lucien,Nolleth,20
836,Aloisia,Wemm,52
837,Mayor,Parmeter,50
838,Antonietta,Froome,50
839,Arlinda,Noell,44
840,Carson,Cahey,51
841,Donavon,Camell,30
842,Justina,Mazzeo,57
843,Bobbie,Message,53
844,Gusta,Redgate,51
845,Harcourt,De Hailes,47
846,Saree,Burchill,20
847,Jessalin,Whitehall,43
848,Chelsey,Leband,51
849,Tabina,Nell,43
850,Lorry,Johannesson,60
851,Linn,Leglise,33
852,Balduin,Ayscough,35
853,Reginauld,Crofthwaite,26
854,Nonnah,Gatlin,41
855,Rad,Argente,37
856,Duane,Birrell,63
857,Aloise,Belsham,58
858,Tabby,Delete,57
859,Norine,Kingsnoad,49
860,Bendicty,Cherry Holme,61
861,Karney,Keave,35
862,Bartholomew,Ciani,20
863,Clevey,Ealles,28
864,Barnebas,Armfirld,42
865,Neale,Jouanny,44
866,Georgena,Kellar,59
867,Cherice,Notton,62
868,Ranique,MacKibbon,57
869,Myron,Alldred,65
870,Lizzie,Guerra,62
871,Harmonie,Claringbold,55
872,Alyss,Bedow,63
873,Alverta,Pointin,44
874,Dyanna,Speddin,57
875,Padraic,Seak,25
876,Gavan,Yuryichev,65
877,Suzi,Rambadt,60
878,Bobby,Brisseau,31
879,Hakim,Itshak,48
880,Devinne,Pawlata,58
881,Aube,Ragbourn,31
882,Rickard,Strivens,60
883,Cosimo,Girardin,29
884,Willey,Glason,38
885,Bordy,Quincee,26
886,Jacki,Yves,38
887,Babita,Aleksahkin,61
888,Romola,Ife,64
889,Sari,Reedman,55
890,Leyla,Devo,43
891,Angeli,Raimbauld,26
892,Verene,Radford,60
893,Bogart,Culkin,53
894,Flor,McLewd,23
895,Kevin,Roseaman,36
896,Tammie,Ferrant,41
897,Sylas,Campkin,24
898,Dulsea,Hookes,26
899,Ahmad,Fanning,57
900,Jephthah,Lardeux,46
901,Tulley,Trank,62
902,Karly,Bernardon,42
903,Dacie,Riepl,35
904,Britt,Jeppensen,59
905,Idalia,O'Cuddie,38
906,Darell,Center,46
907,Angil,Torbet,25
908,Rosabella,Laffan,35
909,Mommy,Halling,49
910,Saudra,McManamon,26
911,Joshua,Winnister,55
912,Scotti,Bolger,25
913,Cassaundra,Rolin,40
914,Beatriz,Haselwood,44
915,Merrill,Stokell,20
916,Jarrid,Stenet,27
917,Nanni,Brodest,60
918,Wright,Thwaites,62
919,Concordia,Croasdale,26
920,Benjamin,Stephenson,53
921,Millard,Brommage,29
922,Haze,Melby,26
923,Leanna,Jiggen,52
924,Lawton,Pouton,36
925,Sawyer,Bartolomucci,46
926,Catie,Shilito,42
927,Arman,Mogridge,54
928,Dorian,Hogbourne,23
929,Keslie,Chesnay,56
930,Wilhelmina,Vyvyan,47
931,Rickard,Brownlee,25
932,Noak,Tapenden,58
933,Clerc,Livingstone,36
934,Amandi,Turtle,24
935,Gwyn,Blew,64
936,Paddy,Bagniuk,20
937,Gregory,Fairbridge,46
938,Allistir,Jerams,21
939,Yurik,Grazier,46
940,Virgilio,Parmby,59
941,Reeva,Osburn,45
942,Kimberli,Swynley,60
943,Katheryn,Janouch,37
944,Kane,McGilvray,43
945,Arthur,Attenburrow,39
946,Pat,Offord,27
947,Deni,Camble,40
948,Nataline,Edden,33
949,Wendi,Clayal,45
950,Norma,Duffet,39
951,Eliza,Rainbird,23
952,Minetta,Pinchon,30
953,Elsa,Parham,37
954,Viv,Rhyme,35
955,Esmeralda,Alenin,54
956,Ashia,Gallatly,29
957,Claiborne,Scarasbrick,58
958,Gregoor,Blinco,64
959,Tawsha,Helsby,51
960,Roshelle,Churchouse,22
961,Anabel,Windaybank,38
962,Hadria,Streetley,41
963,Lodovico,Di Maria,53
964,Dennison,Harrow,29
965,Rosetta,Petrik,32
966,Claudina,Cottle,48
967,Lazar,Creyke,34
968,Hakeem,Caneo,57
969,Haley,Wallach,42
970,Trixi,Rycroft,31
971,Fanny,Merrikin,49
972,George,Eddins,46
973,Hetty,Howsam,50
974,Cary,Pentlow,25
975,Hervey,Bader,43
976,Vincenz,Thonger,46
977,Jillayne,Organ,39
978,Rachael,Konmann,41
979,Morse,Bayless,26
980,Osgood,Daburn,62
981,Elissa,Georgot,59
982,Jeniffer,Annetts,25
983,Aeriela,Broadway,38
984,Jeromy,Vass,51
985,Oriana,Swayton,51
986,Sawyere,Meedendorpe,24
987,Dominique,Baron,36
988,Denney,St. Pierre,25
989,Hannah,Gloy,44
990,Rhonda,Braban,55
991,Emmerich,Burnapp,43
992,Jerrold,Maunsell,51
993,Avictor,Kenrack,31
994,Leonid,Vine,48
995,Caro,Kitchingman,35
996,Bevin,Deniseau,60
997,Alleen,Sackes,30
998,Ellsworth,Penswick,45
999,Witty,McCurdy,52
1000,Tim,Doche,37
